{
  "project_info": {
    "project_number": "132906561315",
    "firebase_url": "https://loginproject-41f34.firebaseio.com",
    "project_id": "loginproject-41f34",
    "storage_bucket": "loginproject-41f34.appspot.com"
  },
  "client": [
    {
      "client_info": {
        "mobilesdk_app_id": "1:132906561315:android:72825e3d42d35e8b5f2696",
        "android_client_info": {
          "package_name": "com.example.loginproject"
        }
      },
      "oauth_client": [
        {
          "client_id": "132906561315-resqndggu8ou7jnic7kmpjtigvi7tr1e.apps.googleusercontent.com",
          "client_type": 3
        }
      ],
      "api_key": [
        {
          "current_key": "AIzaSyCB1V-zwsGWDiUzzbQIPQaXUgMv_FRn85w"
        }
      ],
      "services": {
        "appinvite_service": {
          "other_platform_oauth_client": [
            {
              "client_id": "132906561315-resqndggu8ou7jnic7kmpjtigvi7tr1e.apps.googleusercontent.com",
              "client_type": 3
            }
          ]
        }
      }
    }
  ],
  "configuration_version": "1"
}